ICAO,IATA,Name
ABX,GB,ABX Air
AEE,A3,Aegean Airlines
EIN,EI,Aer Lingus
MNG,M0,Aero Mongolia
RPB,P5,Aero Republica
AFL,SU,Aeroflot
AEZ,XZ,Aeroitalia
ARG,AR,Aerolineas Argentinas
AMX,AM,Aeromexico
AFW,AW,Africa World Airlines
DAH,AH,Air Algérie
ABY,G9,Air Arabia
KZR,KC,Air Astana
AWA,2A,Air Astra
ABD,CC,Air Atlanta Icelandic
REU,UU,Air Austral
BTI,BT,Air Baltic
BOT,BP,Air Botswana
MSC,SM,Air Cairo
TPC,TY,Air Caledonie
KHV,K6,Air Cambodia
ACA,AC,Air Canada
FWI,TX,Air Caraibes
CGN,9H,Air Changan
CCA,CA,Air China
CCM,XK,Air Corsica
DLA,EN,Air Dolomiti
AEA,UX,Air Europa
AFR,AF,Air France
CGH,GT,Air Guilin
AHK,LD,Air Hong Kong
AIC,AI,Air India
AXB,IX,Air India Express
KOR,JS,Air Koryo
AMU,NX,Air Macau
MAU,MK,Air Mauritius
MNE,4O,Air Montenegro
ANZ,NZ,Air New Zealand
ANG,PX,Air Niugini
ANE,YW,Air Nostrum
APK,P4,Air Peace
APZ,YP,Air Premia
SZN,HC,Air Senegal
ASL,JU,Air Serbia
SEY,HM,Air Seychelles
VTA,VT,Air Tahiti
THT,TN,Air Tahiti Nui
ATC,TC,Air Tanzania
TSC,TS,Air Transat
AVN,NF,Air Vanuatu
ACI,SB,Aircalin
GJM,RE,Airhub Airlines
GEL,D4,Airline GEO SKY
LNK,4Z,Airlink
AIH,KJ,AIRZETA
TKJ,VF,AJet
AKJ,QP,Akasa Air
ASA,AS,Alaska Airlines
LAV,AP,Albastar
LMU,UJ,AlMasria Universal Airlines
AIA,8R,Amelia
AAL,AA,American Airlines
ANA,NH,ANA
RIV,GP,APG Airlines
DWI,DM,Arajet
AIZ,IZ,Arkia Israeli Airlines
AAR,OZ,Asiana Airlines
SKK,KP,ASKY
TAY,3V,ASL Airlines Belgium
FPO,5O,ASL Airlines France
ABR,5H,ASL Airlines Ireland
FLI,RC,Atlantic Airways
GTI,5Y,Atlas Air
AUA,OS,Austrian
AVA,AV,Avianca
LRC,LR,Avianca Costa Rica
GLG,2K,Avianca Ecuador
NVD,X9,Avion Express
MLH,4X,Avion Express Malta
AHY,J2,Azerbaijan Airlines
RZO,S4,Azores Airlines
AZU,AD,Azul Brazilian Airlines
BDR,J4,Badr Airlines
BHS,UP,Bahamasair
BAV,QH,Bamboo Airways
BKP,PG,Bangkok Airways
BTK,ID,Batik Air
MXD,OD,Batik Air Malaysia
BBT,B5,BBN Airlines
BRU,B2,Belavia Belarusian Airlines
BBC,BG,Biman Bangladesh Airlines
IBB,NT,Binter Canarias
BBG,BZ,Blue Bird Airways
BOV,OB,BoA Boliviana de Aviacion
BRX,TF,Braathens Regional Airways
BAW,BA,British Airways
BEL,SN,Brussels Airlines
LZB,FB,Bulgaria Air
CRC,QC,Camair-Co
CBJ,JD,Capital Airlines
CJT,W8,Cargojet Airways
CLX,CV,Cargolux
BWA,BW,Caribbean Airlines
KRP,V3,Carpatair
CPA,CX,Cathay Pacific
CEB,5J,Cebu Pacific
KEM,5Z,CemAir
CSW,CS,Chair Airlines
CLG,CE,Chalair
CHG,X7,Challenge Airlines (BE)
ICL,5C,Challenge Airlines (IL)
CAL,CI,China Airlines
CKK,CK,China Cargo Airlines
CES,MU,China Eastern
HXA,G5,China Express Airlines
CYZ,CF,China Postal Airlines
CSN,CZ,China Southern Airlines
CUA,KN,China United Airlines
CTV,QG,Citilink
BCY,WX,CityJet
EFY,VE,Clic Air
CFG,DE,Condor
CMP,CM,COPA Airlines
CAI,XC,Corendon Airlines
CRL,SS,Corsair International
CTN,OU,Croatia Airlines
CUB,CU,Cubana
CYP,CY,Cyprus Airways
DNA,DN,DAN AIR
DNU,R6,DAT (LT)
DAL,DL,Delta Air Lines
DHK,D0,DHL Air
DHX,ES,DHL Aviation
OCN,4Y,Discover Airlines
DTH,SF,Domestic Airlines
EAL,2D,Eastern Airlines
EZY,U2,EasyJet
EDW,WK,Edelweiss Air
MSR,MS,Egyptair
ELY,LY,EL AL
EAF,3E,Electra Airways
UAE,EK,Emirates
ESF,E7,Estafeta Cargo
ETH,ET,Ethiopian Airlines
ETD,EY,Etihad Airways
MMZ,YU,EuroAtlantic Airways
BCS,QY,European Air Transport
EWG,EW,Eurowings
EVA,BR,EVA Air
EZA,MG,Eznis Airways
FJW,FN,Fastjet Zimbabwe
FDX,FX,FedEx Express
FJI,FJ,Fiji Airways
FIN,AY,Finnair
FXT,W2,FlexFlight
FBA,IF,Fly Baghdad
FLN,WV,Fly Namibia
VAW,F6,Fly2Sky
FAD,F3,flyadeal
FDB,FZ,flydubai
ABS,J7,FlyGabon
KNE,XY,Flynas
FIA,5F,FLYONE
FHY,FH,Freebird Airlines
FBU,BF,French Bee
FZA,FU,Fuzhou Airlines
GIA,GA,Garuda Indonesia
TGZ,A9,Georgian Airways
GER,ZQ,German Airways
GJT,GW,GetJet Airlines
GBB,GE,Global Airways and Lift
GXA,G6,GlobalX
GLO,G3,GOL Linhas Aereas
HGB,HB,Greater Bay Airlines
GFA,GF,Gulf Air
CBG,GX,GX Airlines
HHN,HR,Hahnair
CHH,HU,Hainan Airlines
HAL,HA,Hawaiian Airlines
HBH,NS,Hebei Airlines
HLJ,H3,Hello Jets
HST,HN,Heston Airlines
HFY,5K,Hi Fly
HFM,3L,Hi Fly (Malta)
HIM,H9,Himalaya Airlines
HKC,RH,Hong Kong Air Cargo
CRK,HX,Hong Kong Airlines
HKE,UO,Hong Kong Express Airways
IBE,IB,IBERIA
OBS,6O,Iberojet
EVE,E9,Iberojet Airlines
IAN,QI,Ibom Air
ICE,FI,Icelandair
KAR,EO,Ikar
IGO,6E,IndiGo
IRA,IR,Iran Air
IRB,B9,Iran Airtour Airline
IRC,EP,Iran Aseman Airlines
ISR,6H,Israir
ITY,AZ,ITA Airways
JAL,JL,Japan Airlines
JTA,NU,Japan Transocean Air
JZR,J9,Jazeera Airways
JDL,JG,JD Airlines
JJA,7C,Jeju Air
JBU,B6,JetBlue
JES,WJ,JetSMART Argentina
JAT,JA,JetSMART Chile
JAP,JZ,JetSMART Peru
JTD,JP,Jettime
JNA,LJ,Jin Air
JAV,R5,Jordan Aviation
DKH,HO,Juneyao Airlines
KMF,RQ,Kam Air
KQA,KQ,Kenya Airways
KLJ,KJ,KlasJet
KLM,KL,KLM
KMM,KM,KM Malta Airlines
KAL,KE,Korean Air
KNA,KY,Kunming Airlines
KAC,KU,Kuwait Airways
DJT,B0,La Compagnie
LAM,TM,LAM
LAO,QV,Lao Airlines
TAM,JJ,LATAM Airlines Brasil
ARE,4C,LATAM Airlines Colombia
LNE,XL,LATAM Airlines Ecuador
LAN,LA,LATAM Airlines Group
LAP,PZ,LATAM Airlines Paraguay
LPE,LP,LATAM Airlines Peru
LTG,M3,LATAM Cargo Brasil
LCO,UC,LATAM Cargo Chile
FCA,FC,Link Airways
LNI,JT,Lion Air
LOG,LM,Loganair
CDC,GJ,Loong Air
LOT,LO,LOT Polish Airlines
LKE,8L,Lucky Air
DLH,LH,Lufthansa
GEC,LH,Lufthansa Cargo
LHX,VL,Lufthansa City Airlines
CLH,CL,Lufthansa CityLine
LGL,LG,Luxair
MGY,MD,Madagascar Airlines
MAS,MH,Malaysia Airlines
MDA,AE,Mandarin Airlines
MPH,MP,Martinair Cargo
MAA,M7,MasAir
MAI,L6,Mauritania Airlines International
MGH,4M,Mavi Gök Airlines (MGA)
MEA,ME,MEA
MGL,OM,MIAT Mongolian Airlines
MNB,MB,MNG Airlines
MMA,8M,Myanmar Airways International
UBA,UB,Myanmar National Airlines
NCR,N8,National Airlines
RON,ON,Nauru Airlines
NOS,NO,Neos
NMA,NE,Nesma Airlines
RVF,7H,New Pacific Airlines
NIA,NP,Nile Air
NCA,KZ,Nippon Cargo Airlines
NOK,DD,Nok Air
TYA,Y7,NordStar
NWS,N4,Nordwind Airlines
FCM,N7,Norra
LBT,BJ,Nouvelair
OKA,BK,Okay Airways
OAL,OA,Olympic Air
OMA,WY,Oman Air
OLA,OF,Overland Airways
PIA,PK,Pakistan International Airlines
GAP,2P,PAL Express
AZP,ZP,Paranair
PGT,PC,Pegasus Airlines
PER,UF,Petroleum Air Services
PGA,NI,PGA-Portugalia Airlines
PAL,PR,Philippine Airlines
PUE,PU,Plus Ultra
PAC,PO,Polar Air Cargo
APF,HP,PopulAir
POE,PD,Porter Airlines
MSA,M4,Poste Air Cargo
PRF,PW,Precision Air
PVG,P6,Privilege Style
PFZ,P0,Proflight Zambia
QFA,QF,Qantas
QTR,QR,Qatar Airways
QAZ,IQ,Qazaq Air
QDA,QW,Qingdao Airlines
RSX,4S,Red Sea Airlines
RXI,RX,Riyadh Air
SDM,FV,Rossiya Airlines
RAM,AT,Royal Air Maroc
RBA,BI,Royal Brunei
RJA,RJ,Royal Jordanian
RLH,DR,Ruili Airlines
RLU,7R,RusLine
RWD,WB,RwandAir
RYR,FR,Ryanair
RUK,RK,Ryanair UK
SBI,S7,S7 Airlines
SFR,FA,Safair
OMS,OV,Salam Air
SAS,SK,SAS
SAT,SP,SATA  Air Acores
SVA,SV,Saudi Arabian Airlines
VSV,DV,SCAT Airlines
TGW,TR,Scoot
CSS,O3,SF Airlines
CDG,SC,Shandong Airlines
CSH,FM,Shanghai Airlines
CSZ,ZH,Shenzhen Airlines
CSC,3U,Sichuan Airlines
AZG,7L,Silk Way West Airlines
SIA,SQ,Singapore Airlines
SKU,H2,SKY Airline
SEH,GQ,Sky express
SQP,PQ,SkyUp Airlines
AUL,5N,Smartavia
LYX,2N,SmartLynx Airlines Malta
TVS,QS,Smartwings
SOL,IE,Solomon Airlines
SMR,SZ,Somon Air
SAA,SA,South African Airways
SWA,WN,Southwest Airlines
STW,2S,Southwind Airlines
SEJ,SG,SpiceJet
ALK,UL,SriLankan Airlines
SJX,JX,STARLUX Airlines
SCX,SY,Sun Country Airlines
SXS,XQ,SunExpress
YZR,Y8,Suparna Airlines
SWT,WT,Swiftair
SWR,LX,SWISS
SYR,RB,Syrianair
TWB,TW,T'way Air
DTA,DT,TAAG Angola Airlines
TAI,TA,TACA
TGU,5U,TAG Airlines
TWI,TI,Tailwind Airlines
TAP,TP,TAP Air Portugal
ROT,RO,TAROM
THA,TG,Thai Airways International
TLM,SL,Thai Lion Air
GCR,GS,Tianjin Airlines
TBA,TV,Tibet Airlines
TUI,X3,TUIfly
TAR,TU,Tunisair
THY,TK,Turkish Airlines
CYF,U8,TUS Airways
KZU,GO,ULS Airlines Cargo
UIA,B7,UNI AIR
UAL,UA,United Airlines
NUA,UN,United Nigeria Airlines
UPS,5X,UPS Airlines
SVR,U6,Ural Airlines
CUH,UQ,Urumqi Air
UBG,BS,US-Bangla Airlines
UTA,UT,UTair
UZB,HY,Uzbekistan Airways
VJC,VJ,Vietjet
HVN,VN,Vietnam Airlines
VIR,VS,Virgin Atlantic
VAU,VA,Virgin Australia
VOI,Y4,Volaris
VOE,V7,Volotea
VLG,VY,Vueling
PLM,EB,Wamos Air
CHB,PN,West Air
WJA,WS,WestJet
WHT,WI,White coloured by you
WIF,WF,Wideroe
WFL,2W,World2Fly
CXA,MF,Xiamen Airlines
HYT,YG,YTO Cargo Airlines